Timestamp (UTC_TIME),PMT0,PMT1,PMT2,PMT3,PMT4,PMT5,PMT6,PMT7,6Fold,7Fold,8Fold,Trigger,TotalHits,Pressure
2022-10-31 16:00:12.135,206521,194559,204170,222176,221394,220389,212397,218194,166889,89097,24103,1044977,1699800,4.302
2022-10-31 16:00:50.535,205350,193826,203048,220090,218870,218123,211351,215907,165926,88263,23880,1038718,1686565,4.302
2022-10-31 16:01:28.935,206784,193253,202904,220852,220607,219813,212155,217036,166194,89207,24203,1041919,1693404,4.302
2022-10-31 16:02:07.335,206863,194255,204072,222375,222107,220249,212683,217729,166788,88892,23987,1045309,1700333,4.301
2022-10-31 16:02:45.735,205840,193762,203958,221144,220605,220288,212009,217193,166439,88899,24226,1045573,1694799,4.301
2022-10-31 16:03:24.135,203356,191475,200920,217811,216985,216024,209627,214367,164476,88062,23822,1027579,1670565,4.302
2022-10-31 16:04:02.535,204510,193218,202188,220203,218359,217948,210316,216228,165042,87827,23919,1035440,1682970,4.302
2022-10-31 16:04:40.935,204223,192470,201712,219788,217990,216846,209513,214954,164751,87678,23763,1036079,1677496,4.302
2022-10-31 16:05:19.335,204381,191925,200983,218386,216772,215708,208815,214509,164576,87973,23973,1030809,1671479,4.301
2022-10-31 16:05:57.735,204416,192902,201280,220403,219051,218184,210846,215209,166714,89928,24579,1030631,1682291,4.301
2022-10-31 16:06:36.135,208065,197559,201899,222983,220937,220775,214884,217429,172109,94833,26816,1034645,1704531,4.298
2022-10-31 16:07:14.535,207050,198020,200809,221658,219456,219611,215554,215974,173688,97972,28315,1025266,1698132,4.295
2022-10-31 16:07:56.535,211304,202922,204523,225905,224789,225296,219912,220730,177731,100946,29361,1041732,1735381,4.295
2022-10-31 16:08:38.535,210427,203321,202948,224700,223965,224863,220663,219131,178429,102141,30518,1032206,1730018,4.294
2022-10-31 16:09:20.535,211042,205287,201863,225056,223299,224941,222033,218571,180136,104454,31443,1031181,1732092,4.291
2022-10-31 16:10:02.535,213739,208742,203617,228314,226278,229051,226167,221545,183092,106491,32301,1045974,1757453,4.29
2022-10-31 16:10:44.535,213842,208183,201767,227360,224666,226360,225773,219931,182298,106296,32404,1038417,1747882,4.289
2022-10-31 16:11:26.535,214134,210449,201301,227956,224873,228468,228015,220346,183224,106582,32579,1043176,1755542,4.287
2022-10-31 16:12:08.535,211725,209400,198014,225351,222872,225426,226239,217102,180772,105379,32008,1034608,1736129,4.285
2022-10-31 16:12:50.535,212839,210913,199253,227197,223605,227930,228703,218997,182411,106328,32035,1041150,1749437,4.286
2022-10-31 16:13:32.535,214110,212990,198469,227716,224545,228346,230815,218978,182505,105994,31679,1043699,1755969,4.283
2022-10-31 16:14:14.535,215477,214492,196261,228551,224506,230083,233083,218443,182091,104500,31054,1052301,1760896,4.281
2022-10-31 16:14:56.535,214133,213475,195704,227084,222373,229282,231794,216247,180578,102801,30348,1048501,1750092,4.28
2022-10-31 16:15:38.535,213180,213577,193527,226127,222279,228367,231691,215993,179971,102083,29815,1045813,1744741,4.28
2022-10-31 16:16:20.535,213961,214386,192307,226001,221571,229514,233697,215221,177882,99183,28404,1052992,1746658,4.278
2022-10-31 16:17:02.535,212781,214142,189866,225329,219930,229524,233825,213157,174954,95364,26414,1054314,1738554,4.275
2022-10-31 16:17:44.535,211371,212813,188081,223705,219229,227460,232489,212399,174188,94969,26527,1046703,1727547,4.276
2022-10-31 16:18:26.535,211689,214644,188610,225090,220253,228550,234425,212576,174269,94878,26187,1058707,1735837,4.275
2022-10-31 16:19:08.535,209633,212501,183818,222291,216184,226086,232546,208472,168999,89562,23684,1048151,1711531,4.272
2022-10-31 16:19:50.535,207000,210799,180652,219991,214267,226520,231855,205048,163417,83733,21554,1057031,1696132,4.271
2022-10-31 16:20:32.535,29770,30105,25875,31292,30727,32393,33315,29098,23248,11729,3060,149920,242575,4.271
2022-10-31 16:21:14.535,56678,57490,48905,59774,58856,62239,63627,56260,44173,22519,5864,286831,463829,4.269
2022-10-31 16:21:56.535,202204,206832,173594,213967,207903,219708,227556,197777,154425,76227,18540,1045596,1649541,4.268
2022-10-31 16:22:38.535,199490,204612,169928,211894,204843,220630,227200,194705,146724,69143,15983,1052204,1633302,4.266
2022-10-31 16:23:20.535,200709,205628,170757,212157,204938,221024,228119,194777,147020,69096,15639,1057062,1638109,4.265
2022-10-31 16:24:02.535,199346,204460,167403,210376,203828,219058,226434,193318,144119,66980,15194,1049987,1624223,4.265
2022-10-31 16:24:44.535,195337,200645,162610,205820,199487,216700,222755,187707,136453,61238,13421,1043121,1591061,4.263
2022-10-31 16:25:26.535,192671,198143,158959,203395,196302,214852,222437,183987,127520,53620,10665,1055577,1570746,4.261
2022-10-31 16:26:08.535,191861,196990,158147,202864,195423,213641,222228,182742,126229,52994,10776,1049703,1563896,4.261
2022-10-31 16:26:50.535,189120,194215,154848,198859,192076,211084,218373,178507,120562,49032,9481,1046268,1537082,4.26
2022-10-31 16:27:32.535,185491,190911,149327,195631,187510,207672,215265,174399,111288,43149,8064,1045827,1506206,4.256
2022-10-31 16:28:14.535,181553,186704,146029,191016,183208,205067,212495,168845,102549,37801,6487,1049035,1474917,4.255
2022-10-31 16:28:56.535,182244,187096,146559,193123,184582,205504,212814,168721,102955,37795,6582,1049810,1480643,4.256
2022-10-31 16:29:38.535,177815,184425,142844,188352,180106,201415,208359,164675,96719,34451,5742,1041430,1447991,4.255
2022-10-31 16:30:20.535,174489,181706,137982,185410,175377,200259,206483,161208,87673,29641,4731,1051780,1422914,4.252
2022-10-31 16:31:02.535,169503,176338,134998,182232,173201,196656,201848,153782,79425,25415,3703,1045784,1388558,4.251
2022-10-31 16:31:44.535,171814,177437,134395,182314,172558,198705,204287,155852,78707,24904,3684,1055592,1397362,4.25
2022-10-31 16:32:26.535,167760,173634,130116,177550,167182,193913,199152,149789,71019,21458,3077,1046398,1359096,4.249
2022-10-31 16:33:08.535,159486,166124,124264,171043,161099,189285,193636,142018,60157,16552,2051,1047348,1306955,4.245
2022-10-31 16:33:50.535,157180,163844,121513,167862,158499,185392,190174,138198,55108,14825,1823,1044484,1282662,4.245
2022-10-31 16:34:32.535,157517,163232,120644,167212,157501,186112,189497,138000,52974,13982,1695,1053333,1279715,4.245
2022-10-31 16:35:14.535,153209,157637,116697,162726,152544,181310,184310,132647,45872,11183,1294,1049249,1241080,4.242
2022-10-31 16:35:56.535,145482,150759,111974,158442,148574,177052,177757,123765,37349,8531,946,1049494,1193805,4.241
2022-10-31 16:36:10.935,146854,152284,112638,161639,152862,182307,182496,126059,38182,8614,870,1070115,1217139,4.241
2022-10-31 16:36:25.335,147285,152013,111650,161646,152350,182541,182648,126419,38101,8707,968,1073180,1216552,4.241
2022-10-31 16:36:39.735,143468,146186,108504,156087,148245,177013,177219,122754,36474,8209,833,1040469,1179476,4.241
2022-10-31 16:36:54.135,143934,147054,108143,156375,149415,177931,177088,123266,37229,8261,848,1039708,1183206,4.24
2022-10-31 16:37:08.535,145144,149755,109885,157358,150831,179442,179014,124642,37381,8422,841,1053011,1196071,4.241
2022-10-31 16:37:22.935,145640,148243,109261,158073,151496,179382,179424,124738,37143,8260,824,1057041,1196257,4.241
2022-10-31 16:37:37.335,144305,147175,108144,156750,150369,178513,177531,123437,35848,8073,864,1050990,1186224,4.241
2022-10-31 16:37:51.735,147282,149640,109712,160181,154735,182769,182409,125917,35530,7705,747,1078654,1212645,4.24
2022-10-31 16:38:06.135,145140,148458,108745,159078,151849,180264,180025,123075,33546,7106,695,1078598,1196634,4.239
2022-10-31 16:38:20.535,143004,145290,106522,155951,149171,178952,176996,119928,30861,6413,638,1077314,1175814,4.239
2022-10-31 16:38:34.935,143792,146526,107573,158317,150248,179955,178665,120288,29391,5977,528,1101826,1185364,4.238
2022-10-31 16:38:49.335,139107,140474,103649,152721,146300,176613,173247,115639,26464,5170,458,1084709,1147750,4.236
2022-10-31 16:39:03.735,136325,138172,101695,150762,144679,174314,170745,113138,24094,4567,399,1081895,1129830,4.236
2022-10-31 16:39:18.135,137673,140218,102302,151844,144954,176353,171865,113914,23482,4364,377,1102115,1139123,4.235
2022-10-31 16:39:32.535,136766,138615,100857,149732,143374,172798,170045,112574,23251,4469,338,1085137,1124761,4.236
2022-10-31 16:39:46.935,91,28,188,76,179,206,14,22,0,0,0,0,804,4.236
2022-10-31 16:40:01.335,140705,141378,103205,152393,144951,176139,173187,115442,23676,4345,370,1104920,1147400,4.236
2022-10-31 16:40:15.735,137323,137888,100641,148716,141457,171917,169510,113088,22240,4195,360,1091517,1120540,4.236
2022-10-31 16:40:30.135,134189,134877,98517,145934,139518,170703,166716,110238,21232,3928,291,1076257,1100692,4.235
2022-10-31 16:40:44.535,134472,135060,98519,146347,139862,170711,166455,109919,20352,3646,315,1088806,1101345,4.235
2022-10-31 16:40:58.935,131017,131508,95487,142507,137323,167872,162667,106881,18513,3155,276,1083726,1075262,4.233
2022-10-31 16:41:13.335,130220,130121,94756,142356,135606,166411,161888,105009,16685,2696,198,1092227,1066367,4.233
2022-10-31 16:41:27.735,131558,131354,96035,143238,137917,167999,162924,104958,15740,2629,190,1118753,1075983,4.232
2022-10-31 16:41:42.135,126206,125721,91042,137857,132521,163506,155960,100343,13740,2200,167,1094911,1033156,4.231
2022-10-31 16:41:56.535,124478,124389,90490,136504,131673,161373,154668,98507,13316,2079,127,1085889,1022082,4.231
2022-10-31 16:42:10.935,127850,127805,93415,139709,133894,166328,159104,101937,13539,2069,162,1116431,1050042,4.231
2022-10-31 16:42:25.335,126421,125745,92097,137286,132218,162654,155618,99530,13558,2121,157,1095017,1031569,4.231
2022-10-31 16:42:39.735,125423,124957,91206,137184,131869,161605,155062,98898,13364,2091,148,1091155,1026204,4.23
2022-10-31 16:42:54.135,127298,125769,92099,138153,133851,164643,156529,99797,12821,1950,141,1113122,1038139,4.231
2022-10-31 16:43:08.535,123547,122077,89868,135007,130938,160157,152726,96368,11568,1691,127,1101913,1010688,4.229
2022-10-31 16:43:22.935,119457,118112,87699,131234,126829,155960,147947,92509,10120,1437,105,1088460,979747,4.229
2022-10-31 16:43:37.335,119688,117362,86856,130531,125761,156392,147340,91854,9289,1304,95,1104587,975784,4.227
2022-10-31 16:43:51.735,114715,113759,84261,126812,124345,152770,143206,87950,8067,1082,77,1104605,947818,4.227
2022-10-31 16:44:06.135,113470,111310,82540,124880,121459,151194,140654,85183,7209,943,70,1096574,930690,4.226
2022-10-31 16:44:20.535,113135,109556,82415,124289,121316,151165,138924,83473,6413,798,42,1108660,924273,4.225
2022-10-31 16:44:34.935,108747,105158,79718,119795,117881,145984,133855,80113,5714,708,38,1097344,891251,4.223
2022-10-31 16:44:49.335,106122,102147,77051,117094,114392,142073,129847,78014,4907,596,31,1090308,866740,4.223
2022-10-31 16:45:03.735,105862,101307,76891,116778,115091,143141,129474,76705,4337,526,39,1109341,865249,4.222
2022-10-31 16:45:18.135,103676,97722,74645,113338,112010,138663,125142,73166,3830,457,27,1096061,838362,4.221
2022-10-31 16:45:32.535,99500,93402,71917,109317,109429,134522,120762,69914,3230,382,16,1079742,808763,4.221
2022-10-31 16:45:46.935,101060,94946,72612,110625,110180,137032,121628,70312,2934,316,21,1115302,818395,4.22
2022-10-31 16:46:01.335,98052,92142,70982,108136,108404,134360,118369,67886,2669,291,20,1108995,798331,4.219
2022-10-31 16:46:15.735,95021,87869,69400,104824,105050,130343,113209,64857,2322,245,16,1093255,770573,4.218
2022-10-31 16:46:30.135,93521,87557,69110,103255,104025,128256,111352,63772,1999,198,20,1107658,760848,4.217
2022-10-31 16:46:44.535,91083,84303,66142,100397,101833,126500,108008,61653,1732,182,13,1104418,739919,4.216
2022-10-31 16:46:58.935,88324,81358,64790,97342,99407,123071,104884,59015,1567,168,11,1093678,718191,4.215
2022-10-31 16:47:13.335,87577,80468,64642,97744,99749,122952,103942,57653,1395,149,8,1117606,714727,4.213
2022-10-31 16:47:27.735,84799,77346,62827,93503,96141,118567,99557,54936,1184,140,10,1098089,687676,4.213
2022-10-31 16:47:42.135,83753,75227,61147,91710,94332,115674,96856,52984,1022,127,18,1094076,671683,4.212
2022-10-31 16:47:56.535,82165,73958,60805,90439,94881,115452,95460,52009,958,113,9,1108494,665169,4.212
2022-10-31 16:48:10.935,79537,71228,59231,87546,93014,112050,91977,50049,838,124,16,1103573,644632,4.21
2022-10-31 16:48:25.335,77593,68511,57187,85262,90832,109401,88701,47984,744,93,5,1092607,625471,4.21
2022-10-31 16:48:39.735,77962,67685,56880,84684,90628,108966,87892,47975,696,102,9,1112137,622672,4.209
2022-10-31 16:48:54.135,74056,64581,55233,81656,88804,106243,84546,45508,578,92,11,1100308,600627,4.207
2022-10-31 16:49:08.535,71770,63102,54420,79518,87061,101926,80351,43189,539,81,12,1085233,581337,4.207
2022-10-31 16:49:22.935,72607,62234,54789,79833,87561,103621,80696,42595,503,74,3,1118004,583936,4.206
2022-10-31 16:49:37.335,69317,59358,52939,76787,84646,99542,77765,41179,456,77,8,1110578,561533,4.206
2022-10-31 16:49:51.735,67167,57400,51022,74810,83303,97123,74847,39384,422,64,10,1101834,545056,4.205
2022-10-31 16:50:06.135,11388,9807,8724,12212,14596,16698,12478,6589,69,10,0,189077,92492,4.203
2022-10-31 16:50:20.535,64326,53769,49122,70543,80628,93696,70167,36710,371,77,10,1108871,518961,4.202
2022-10-31 16:50:34.935,63231,52788,48648,70082,79675,92299,68214,36013,374,72,10,1103683,510950,4.202
2022-10-31 16:50:49.335,62044,51047,47919,68819,79015,90747,67419,35122,337,63,6,1115871,502132,4.2
2022-10-31 16:51:03.735,60632,49805,46725,66668,77079,88369,64312,34250,352,74,12,1108082,487840,4.199
2022-10-31 16:51:18.135,58204,47493,45738,64534,76180,85400,61644,32575,347,71,7,1099213,471768,4.199
2022-10-31 16:51:32.535,334,176,397,189,350,395,84,98,0,0,0,8,2023,4.198
2022-10-31 16:51:46.935,262,154,399,214,299,246,65,123,0,0,0,4,1762,4.197
2022-10-31 16:52:01.335,232,170,382,246,307,287,80,113,0,0,0,10,1817,4.197
2022-10-31 16:52:15.735,337,160,413,200,313,270,95,108,0,0,0,12,1896,4.196
2022-10-31 16:52:30.135,271,172,432,246,289,291,98,112,0,0,0,9,1911,4.195
2022-10-31 16:52:44.535,364,161,437,233,263,239,93,107,0,0,0,7,1897,4.194
2022-10-31 16:52:58.935,283,181,414,206,331,318,88,110,0,0,0,5,1931,4.193
2022-10-31 16:53:13.335,313,186,447,205,260,249,104,116,0,0,0,4,1880,4.192
2022-10-31 16:53:27.735,285,186,417,205,283,267,81,102,0,0,0,7,1826,4.191
2022-10-31 16:53:42.135,286,187,449,217,223,252,74,102,0,0,0,8,1790,4.19
2022-10-31 16:53:56.535,236,181,414,187,235,286,94,120,0,0,0,7,1753,4.19
2022-10-31 16:54:10.935,330,148,386,217,285,233,84,110,0,0,0,10,1793,4.189
2022-10-31 16:54:25.335,352,173,418,177,255,232,114,113,0,0,0,8,1834,4.188
2022-10-31 16:54:39.735,371,142,405,200,285,268,75,117,0,0,0,11,1863,4.188
2022-10-31 16:54:54.135,283,199,414,188,259,235,99,96,0,0,0,6,1773,4.186
2022-10-31 16:55:08.535,38351,27515,31083,40894,53674,58520,36924,19134,261,56,5,1089705,306095,4.186
2022-10-31 16:55:22.935,37273,27139,31536,40266,54453,56690,34493,18618,285,69,7,1080705,300468,4.185
2022-10-31 16:55:37.335,37102,26888,31816,39466,53250,55860,33636,18334,278,53,8,1085122,296352,4.184
2022-10-31 16:55:51.735,36191,26039,31770,39238,54273,55129,33719,18486,293,62,19,1097425,294845,4.182
2022-10-31 16:56:06.135,34391,25108,30560,37552,52689,52807,31729,17612,273,76,10,1080503,282448,4.182
2022-10-31 16:56:20.535,34283,24818,30369,36973,52787,51804,30755,17240,270,62,11,1085374,279029,4.182
2022-10-31 16:56:34.935,34139,24525,30983,36083,51921,51105,30288,17017,292,64,10,1095421,276061,4.179
2022-10-31 16:56:49.335,32231,22919,28938,34508,49960,49026,28780,16399,264,64,6,1076629,262761,4.179
2022-10-31 16:57:03.735,30964,22052,28814,33705,49378,48119,28179,16341,239,47,6,1075204,257552,4.178
2022-10-31 16:57:18.135,31037,22341,29022,33394,49838,47926,27080,16045,305,73,8,1089153,256683,4.177
2022-10-31 16:57:32.535,30786,21236,28143,32375,49528,47624,26235,15878,283,82,8,1076617,251805,4.176
2022-10-31 16:57:46.935,28948,20333,27402,31308,47715,44945,25186,15144,269,59,8,1069311,240981,4.175
2022-10-31 16:58:01.335,28943,20720,27265,30640,46931,43891,24180,15402,251,70,9,1089623,237972,4.175
2022-10-31 16:58:15.735,28652,19994,27078,29908,47004,43107,24311,14911,278,62,7,1084373,234965,4.174
2022-10-31 16:58:30.135,27646,19600,26399,29165,47440,41873,23508,15056,286,63,12,1083534,230687,4.173
2022-10-31 16:58:44.535,26505,19353,26052,28732,45570,40930,22907,14853,284,65,8,1089738,224902,4.171
2022-10-31 16:58:58.935,26082,19077,25755,28255,44929,40564,22106,14522,278,77,14,1088909,221290,4.172
2022-10-31 16:59:13.335,26091,18428,25256,27370,43886,39093,21357,14221,265,62,5,1083218,215702,4.17
2022-10-31 16:59:27.735,25245,17950,25110,26421,44785,39710,21150,14608,282,72,13,1094209,214979,4.169
2022-10-31 16:59:42.135,25110,17748,24383,25325,43232,38384,20518,13934,255,51,8,1084962,208634,4.169
2022-10-31 16:59:56.535,24268,17443,24548,25184,42939,37718,20109,14199,291,79,7,1084088,206408,4.168
2022-10-31 17:00:10.935,24167,17819,23914,25176,42121,37386,19716,13979,276,61,6,1098220,204278,4.167
2022-10-31 17:00:25.335,23123,17261,23619,24484,41438,36427,19341,13711,277,72,7,1100378,199404,4.165
2022-10-31 17:00:39.735,22859,17089,22587,23639,40504,34661,18489,13812,290,67,8,1081713,193640,4.165
2022-10-31 17:00:54.135,22603,16736,23134,23374,40736,35426,18871,14674,309,84,11,1106851,195554,4.164
2022-10-31 17:01:08.535,21900,16578,22742,22859,39928,34285,18513,14079,279,74,5,1095423,190884,4.163
2022-10-31 17:01:22.935,21777,16034,22490,22106,39779,34638,18728,14246,296,70,7,1095596,189798,4.163
2022-10-31 17:01:37.335,21561,15711,21677,21739,39122,32412,17903,14009,283,80,8,1095208,184134,4.161
2022-10-31 17:01:51.735,20676,15469,21529,21226,37836,31650,17098,13604,312,73,8,1075173,179088,4.161
2022-10-31 17:02:06.135,20320,15226,21321,20507,36635,31499,16959,13806,315,59,7,1071092,176273,4.16
2022-10-31 17:02:20.535,20618,15523,21260,20653,37363,30771,16855,14189,302,84,9,1088684,177232,4.159
2022-10-31 17:02:34.935,19552,15446,21049,20181,36824,30802,16496,13950,305,73,14,1081058,174300,4.157
2022-10-31 17:02:49.335,18970,14811,21060,19355,35609,30991,16328,14173,300,75,13,1080321,171297,4.157
2022-10-31 17:03:03.735,18758,15247,20643,19347,35731,30359,16240,14167,279,54,8,1087037,170492,4.157
2022-10-31 17:03:18.135,9791,7887,10905,9783,18215,15555,8607,7448,158,49,8,575860,88191,4.155
2022-10-31 17:03:32.535,18740,14517,20498,18570,34027,28674,15932,13877,305,76,9,1083581,164835,4.155
2022-10-31 17:03:46.935,93,47,337,71,295,216,25,119,0,0,0,0,1203,4.153
2022-10-31 17:04:01.335,17649,13869,19469,18296,33264,28117,15194,13458,300,67,8,1087399,159316,4.153
2022-10-31 17:04:15.735,3910,2965,4417,3850,7251,6064,3304,3115,77,22,4,234755,34876,4.152
2022-10-31 17:04:30.135,14706,11650,16679,14573,28077,23136,12401,11245,238,57,4,919302,132467,4.151
2022-10-31 17:04:44.535,17251,13521,19344,17208,32218,27277,14915,13086,298,71,13,1083335,154820,4.15
2022-10-31 17:04:58.935,16306,13224,19140,16564,31103,25403,14469,13250,290,78,12,1076830,149459,4.149
2022-10-31 17:05:13.335,17105,13408,19716,17168,31553,25743,15261,13920,312,79,12,1101069,153874,4.148
2022-10-31 17:05:27.735,16727,13315,19054,16129,31317,26020,15076,13551,295,68,9,1085741,151189,4.147
2022-10-31 17:05:42.135,16489,13030,19133,16220,30892,25858,14687,13976,280,71,9,1090997,150285,4.146
2022-10-31 17:05:56.535,16452,13518,19669,16376,31424,26377,15291,14296,316,80,7,1105418,153403,4.146
2022-10-31 17:06:10.935,15737,13475,19518,15908,31006,24792,14938,13599,283,60,8,1095890,148973,4.144
2022-10-31 17:06:25.335,15895,13441,19134,15480,30018,25174,14691,14127,283,57,5,1097376,147960,4.144
2022-10-31 17:06:39.735,15756,13141,18918,15837,30342,24111,14714,14076,301,69,9,1096596,146895,4.142
2022-10-31 17:06:54.135,15116,12825,18448,14980,29096,23507,14477,14015,262,71,10,1082815,142464,4.142
2022-10-31 17:07:08.535,15767,13210,19292,15179,29963,23906,14787,14044,320,85,7,1098754,146148,4.141
2022-10-31 17:07:22.935,15532,13178,19114,14792,29503,24581,14965,14562,285,65,11,1099517,146227,4.14
2022-10-31 17:07:37.335,15140,13033,18299,14896,29339,23506,14387,14301,328,70,10,1088503,142901,4.14
2022-10-31 17:07:51.735,14871,12648,18325,14911,28785,23443,14728,13874,276,59,11,1095030,141585,4.139
2022-10-31 17:08:06.135,15233,13026,18677,14913,29162,24546,14881,14520,316,85,11,1098112,144958,4.138
2022-10-31 17:08:20.535,14158,12493,17758,14005,27630,22603,14331,13567,274,89,10,1080959,136545,4.137
2022-10-31 17:08:34.935,14890,12891,17944,14489,28415,23443,14838,14285,290,78,13,1101356,141195,4.136
2022-10-31 17:08:49.335,14836,13069,18723,14437,28476,23465,14762,14195,304,81,12,1106114,141963,4.136
2022-10-31 17:09:03.735,14095,12842,17791,13945,27641,23060,14311,14163,286,75,12,1084855,137848,4.135
2022-10-31 17:09:18.135,14477,12926,18062,14248,28422,22343,14441,13977,296,79,17,1098841,138896,4.133
2022-10-31 17:09:32.535,14233,13102,18542,14248,27654,23244,14295,14472,327,90,11,1098811,139790,4.132
2022-10-31 17:09:46.935,3103,2857,4503,3040,6260,4993,3254,3359,80,18,2,242540,31369,4.132
2022-10-31 17:10:01.335,14781,12909,18863,13960,27460,22658,14521,14491,328,80,10,1100339,139643,4.131
2022-10-31 17:10:15.735,14218,12837,18778,14189,27582,22097,14730,14639,340,81,11,1109079,139070,4.13
2022-10-31 17:10:30.135,14435,12705,18551,13595,26777,22413,14579,14473,329,82,13,1083047,137528,4.129
2022-10-31 17:10:44.535,14685,13294,18521,13746,27134,22439,14753,14948,309,73,7,1097573,139520,4.128
2022-10-31 17:10:58.935,13820,12594,18116,13386,27188,22795,14382,15000,281,78,13,1092047,137281,4.127
2022-10-31 17:11:13.335,13585,12767,18008,13639,27050,22642,14684,14401,302,86,13,1086084,136776,4.127
2022-10-31 17:11:27.735,14046,12592,17921,13621,26905,22192,14279,14545,315,71,9,1101568,136101,4.125
2022-10-31 17:11:42.135,14193,12580,17991,13310,27036,22055,14876,14706,308,81,10,1101796,136747,4.125
2022-10-31 17:11:56.535,13998,12913,18192,13385,27391,21721,14495,15369,272,80,12,1092991,137464,4.124
2022-10-31 17:12:10.935,14071,12765,17750,13481,26169,21784,14656,14924,324,87,15,1095906,135600,4.123
2022-10-31 17:12:25.335,13451,12859,17827,13366,26726,21638,14868,14861,305,72,11,1093490,135596,4.122
2022-10-31 17:12:39.735,13405,12319,17638,13164,26682,22194,14570,15002,319,70,6,1090220,134974,4.121
2022-10-31 17:12:54.135,13525,12611,18049,13108,26679,21305,14578,14825,292,81,8,1088288,134680,4.121
2022-10-31 17:13:08.535,13559,12952,18284,13292,26388,21710,14755,15327,281,69,15,1101217,136267,4.12
2022-10-31 17:13:22.935,13189,12456,17402,13206,26271,21812,14635,15017,293,75,5,1082723,133988,4.118
2022-10-31 17:13:37.335,13344,12504,18171,13434,26983,22578,14913,14757,305,72,8,1101228,136684,4.118
2022-10-31 17:13:51.735,13643,12672,18383,13147,26667,21889,15031,14933,330,81,7,1092398,136365,4.117
2022-10-31 17:14:06.135,13327,12925,18113,13180,26382,22073,14915,14981,298,74,11,1095410,135896,4.116
2022-10-31 17:14:20.535,13978,12544,17991,13182,27021,21676,14980,15389,292,68,15,1102585,136761,4.114
2022-10-31 17:14:34.935,13058,12974,18652,13323,26999,22671,15340,15239,344,89,13,1100757,138256,4.114
2022-10-31 17:15:02.535,12054,11474,16529,11749,23456,19597,13334,13597,282,49,6,995442,121790,4.112
2022-10-31 17:15:16.935,12892,11879,17313,11983,24980,20453,13950,14456,287,66,9,1035200,127906,4.112
2022-10-31 17:15:31.335,13553,12654,18493,13103,26277,22112,15443,15371,303,76,11,1101985,137006,4.111
2022-10-31 17:15:58.935,496,499,912,398,1048,820,506,635,6,0,0,31422,5314,4.109
2022-10-31 17:16:13.335,519,532,1016,500,1131,986,577,664,14,2,0,38516,5925,4.108
2022-10-31 17:16:27.735,612,654,1115,606,1263,940,610,597,14,4,0,40520,6397,4.107
2022-10-31 17:16:55.335,87,54,281,58,216,127,62,96,0,0,0,0,981,4.106
2022-10-31 17:17:09.735,13033,12354,17766,12391,25523,21199,13960,14171,305,89,11,1076604,130397,4.105
2022-10-31 17:17:24.135,12961,12435,18095,12874,25937,21640,14406,14737,305,83,13,1094506,133085,4.104
2022-10-31 17:17:51.735,13085,12248,17690,12195,25363,20420,14045,14054,340,93,15,1050382,129100,4.101
2022-10-31 17:18:06.135,13642,12724,18146,12464,25802,20890,14146,14494,331,85,18,1096352,132308,4.101
2022-10-31 17:18:20.535,12862,12456,17891,12459,25888,22096,14441,14851,280,73,10,1092874,132944,4.101
2022-10-31 17:18:48.135,12515,12012,17224,11944,24130,19897,13890,14430,284,75,9,1046654,126042,4.099
2022-10-31 17:19:02.535,13463,12587,18505,12743,26391,21594,14843,14881,310,71,9,1083289,135007,4.098
2022-10-31 17:19:16.935,13227,12419,17805,13275,26708,21716,14941,15810,313,77,10,1096791,135901,4.097
2022-10-31 17:19:44.535,12511,12417,17717,12204,24534,20230,13783,14054,276,71,6,1050683,127450,4.095
2022-10-31 17:19:58.935,2035,2091,3193,2163,4593,3531,2426,2727,51,19,1,175410,22759,4.095
2022-10-31 17:20:13.335,13230,12938,18012,12377,25826,20551,14639,15241,287,75,13,1094482,132814,4.093
2022-10-31 17:20:40.935,12654,12430,17653,12171,24902,20272,14054,14143,292,76,11,1055549,128279,4.093
2022-10-31 17:20:55.335,12885,12590,18171,12359,24839,21298,14730,14485,302,75,7,1091191,131357,4.09
2022-10-31 17:21:09.735,13487,13045,17954,12692,26124,22152,15257,15326,297,76,13,1106156,136037,4.091
2022-10-31 17:21:37.335,12622,12654,18024,12109,25458,20230,13960,14554,287,79,8,1050618,129611,4.089
2022-10-31 17:21:51.735,13005,12443,17831,12594,25420,19144,15069,15146,287,68,8,1078929,130652,4.088
2022-10-31 17:22:06.135,13250,13139,18437,12648,25631,20862,14791,15346,328,71,10,1098923,134104,4.087
2022-10-31 17:22:33.735,12885,12155,17329,12186,24429,19914,13890,14485,302,73,13,1044783,127273,4.084
2022-10-31 17:22:48.135,12965,12869,18324,12404,25528,20986,15054,15095,280,81,14,1091109,133225,4.084
2022-10-31 17:23:02.535,12750,12810,18412,12682,25563,20553,14623,14875,256,69,14,1083856,132268,4.084
2022-10-31 17:23:30.135,13304,12607,18222,12129,25223,19804,14383,14564,303,80,7,1056073,130236,4.082
2022-10-31 17:23:44.535,12926,13157,18309,12928,26130,20413,15067,15664,322,76,9,1091305,134594,4.08
2022-10-31 17:23:58.935,12571,12621,18434,12116,25467,20886,15235,15593,318,80,9,1091563,132923,4.08
2022-10-31 17:24:26.535,12632,12460,17833,12037,24685,19659,14525,15199,287,78,16,1062437,129030,4.078
2022-10-31 17:24:40.935,12903,13006,18183,12282,26610,22411,15106,15228,313,85,10,1094703,135729,4.078
2022-10-31 17:24:55.335,13340,13334,18508,12363,26472,20607,15189,15376,306,74,9,1113140,135189,4.077
2022-10-31 17:25:22.935,12557,12245,18125,12269,24853,19102,14253,14810,284,76,9,1053003,128214,4.075
2022-10-31 17:25:37.335,12827,12895,18582,12909,26163,21310,15366,15256,324,81,12,1090791,135308,4.074
2022-10-31 17:25:51.735,12778,12865,18219,12849,26015,21004,14724,15275,295,72,4,1095917,133729,4.073
2022-10-31 17:26:19.335,12404,12437,17405,12073,24657,20189,14137,14811,314,75,5,1054964,128113,4.071
2022-10-31 17:26:33.735,13029,13053,18289,12236,26028,21181,14835,15243,323,77,10,1092842,133894,4.071
2022-10-31 17:26:48.135,12686,13135,18388,12445,26274,21078,14878,15163,312,82,10,1093841,134047,4.07
2022-10-31 17:27:02.535,13159,13152,17725,12134,26066,20201,14994,15431,316,82,10,1090149,132862,4.069
2022-10-31 17:27:16.935,12868,12996,18368,12443,25843,20539,15206,15724,299,70,5,1100043,133987,4.068
2022-10-31 17:27:31.335,12643,12495,18364,12189,25410,20968,15041,15437,285,75,9,1093331,132547,4.067
2022-10-31 17:27:45.735,13097,13053,18890,12460,25860,21281,15047,15426,311,67,13,1091405,135114,4.065
2022-10-31 17:28:00.135,75,87,392,82,300,229,110,181,0,0,0,0,1456,4.065
2022-10-31 17:28:14.535,13028,12684,18344,12390,25976,20733,14817,15576,312,69,8,1104831,133548,4.065
2022-10-31 17:28:28.935,12608,12744,18311,12375,25599,20160,14939,15204,315,77,11,1093766,131940,4.063
2022-10-31 17:28:43.335,12794,12785,18479,12281,25282,21041,14794,15340,309,80,8,1093333,132796,4.063
2022-10-31 17:28:57.735,12404,12878,18270,12529,25980,20119,15060,15585,308,71,9,1097647,132825,4.061
2022-10-31 17:29:12.135,12784,12563,18524,12385,26069,21232,14916,14989,335,86,8,1083575,133462,4.061
2022-10-31 17:29:26.535,12885,13149,19171,12469,26772,21404,15068,15766,307,84,9,1116712,136684,4.06
2022-10-31 17:29:40.935,12822,12837,19040,12668,26165,21179,15165,16103,317,84,10,1109972,135979,4.059
2022-10-31 17:29:55.335,13004,12830,18354,12251,25623,19546,14594,15432,289,67,16,1096036,131634,4.057
2022-10-31 17:30:09.735,12775,12731,18627,12060,25951,20147,15200,15844,302,81,10,1109043,133335,4.057
2022-10-31 17:30:24.135,12690,12756,18940,12648,27182,21530,15089,15673,336,106,8,1100142,136508,4.056
2022-10-31 17:30:38.535,13122,13043,18573,12735,26270,20845,15028,15537,318,80,13,1104389,135153,4.055
2022-10-31 17:30:52.935,13087,13590,18547,12595,25968,21445,15496,15758,331,84,12,1099427,136486,4.054
2022-10-31 17:31:07.335,13332,13197,18773,12171,26475,21183,15087,15377,316,93,9,1108925,135595,4.054
2022-10-31 17:31:21.735,12291,12846,18384,12235,24874,19732,14405,15146,302,71,8,1087019,129913,4.052
2022-10-31 17:31:36.135,12322,12950,18354,12176,26434,20518,14734,15477,279,67,11,1115258,132965,4.052
2022-10-31 17:31:50.535,12260,12929,18441,12266,26314,20542,15248,15375,292,73,12,1096155,133375,4.051
2022-10-31 17:32:04.935,13333,12821,18466,12148,25162,20223,14628,15334,277,87,12,1102748,132115,4.051
2022-10-31 17:32:19.335,13161,13332,18572,12782,27376,22055,15033,15731,283,60,8,1107582,138042,4.049
2022-10-31 17:32:33.735,12977,12695,18904,12613,25914,20402,14884,15635,307,74,16,1102754,134024,4.048
2022-10-31 17:32:48.135,12733,13020,18715,12613,25963,21745,15305,15823,317,86,13,1104553,135917,4.047
2022-10-31 17:33:02.535,13058,13072,18652,12433,25564,20709,15037,15320,321,81,6,1099858,133845,4.046
2022-10-31 17:33:16.935,12986,13200,18787,12786,26312,20456,15785,15876,315,79,11,1118382,136188,4.046
2022-10-31 17:33:31.335,13162,13209,18673,12568,25661,20469,14925,15045,324,78,7,1106970,133712,4.045
2022-10-31 17:33:45.735,13020,12626,18531,12486,26146,21048,15375,14998,344,96,12,1102751,134230,4.044
2022-10-31 17:34:00.135,13003,13115,18861,12509,26477,20819,15463,15677,310,86,18,1110354,135924,4.043
2022-10-31 17:34:14.535,12732,13013,18602,12141,26206,20971,15770,15643,298,88,14,1103645,135078,4.043
2022-10-31 17:34:28.935,12884,12967,18249,12583,26622,20636,15247,15734,332,80,9,1112019,134922,4.042
2022-10-31 17:34:43.335,12943,13017,19186,12503,26956,20764,15535,15793,336,78,10,1114255,136697,4.041
2022-10-31 17:34:57.735,12763,12711,18807,12215,25957,21430,15296,15632,327,83,9,1090115,134811,4.039
2022-10-31 17:35:12.135,13429,12770,19190,12434,26276,21195,15640,15868,304,75,8,1105861,136802,4.039
2022-10-31 17:35:26.535,12310,12721,18456,12046,25961,20615,15027,15294,259,66,10,1100024,132430,4.038
2022-10-31 17:35:40.935,12570,12606,18337,11975,25693,20568,14994,15272,325,68,13,1093936,132015,4.037
2022-10-31 17:35:55.335,12731,12643,18646,12174,25783,21129,15289,15645,317,83,16,1111424,134040,4.037
2022-10-31 17:36:09.735,12951,12796,18786,12321,26708,21149,15840,15770,339,86,7,1117072,136321,4.035
2022-10-31 17:36:24.135,12909,13070,18628,12453,24785,20291,15089,15692,313,75,14,1106225,132917,4.035
2022-10-31 17:36:38.535,13189,13151,18889,12259,26027,21018,15141,15714,336,97,16,1118539,135388,4.033
2022-10-31 17:36:52.935,12652,12952,18618,12313,26550,21012,15251,15831,326,80,17,1112395,135179,4.032
2022-10-31 17:37:07.335,12609,13150,18932,12205,26461,20490,15226,15805,344,92,10,1106714,134878,4.032
2022-10-31 17:37:21.735,12891,12871,19073,12377,26337,21023,15613,15561,323,70,8,1114907,135746,4.031
2022-10-31 17:37:36.135,12680,12871,19114,12317,26127,20832,15632,15682,313,77,10,1114973,135255,4.03
2022-10-31 17:37:50.535,12742,12851,18502,12137,25871,20187,15407,15194,322,79,14,1102896,132891,4.029
2022-10-31 17:38:04.935,12857,13249,18463,11873,25621,20923,15351,15423,306,78,20,1111323,133760,4.029
2022-10-31 17:38:19.335,12869,13329,18272,12211,26579,20496,15127,15307,301,73,7,1114454,134190,4.027
2022-10-31 17:38:33.735,12960,12881,19104,12551,26041,20813,15436,15801,353,77,9,1113263,135587,4.026
2022-10-31 17:38:48.135,12949,13161,18589,12230,25313,20093,15487,15825,339,66,6,1112466,133647,4.026
2022-10-31 17:39:02.535,12816,13277,18949,12311,26096,20442,14885,15872,297,83,14,1114260,134648,4.025
2022-10-31 17:39:16.935,12655,13047,18533,12038,25993,21614,15390,16011,302,73,11,1103427,135281,4.023
2022-10-31 17:39:31.335,12686,13048,19558,12443,26586,20282,15548,15880,323,75,6,1120737,136031,4.023
2022-10-31 17:39:45.735,12512,12860,18781,12076,25410,20008,15256,15561,281,72,10,1112395,132464,4.022
2022-10-31 17:40:00.135,12513,12779,18699,12326,26421,20554,15351,15633,335,86,9,1105948,134276,4.021
2022-10-31 17:40:14.535,12979,13021,19264,12252,26018,20215,15348,15734,320,79,11,1109204,134831,4.02
2022-10-31 17:40:28.935,12262,12558,18484,12314,26111,19313,15209,15432,305,62,10,1112687,131683,4.019
2022-10-31 17:40:43.335,12538,12311,18377,11557,25205,19940,15183,15155,276,58,4,1094314,130266,4.018
2022-10-31 17:40:57.735,12141,12801,18865,12315,26395,21053,15399,16006,270,56,14,1123874,134975,4.018
2022-10-31 17:41:12.135,13078,13226,18786,12033,25903,20942,15509,15982,316,73,7,1104771,135459,4.016
2022-10-31 17:41:26.535,12150,12478,18887,12284,25905,20801,14869,15040,310,80,6,1113809,132414,4.017
2022-10-31 17:41:40.935,12359,12800,18728,11541,25086,19991,15251,15661,295,73,17,1114132,131417,4.015
2022-10-31 17:41:55.335,12811,13129,18667,12113,25936,19934,15269,15663,341,91,14,1119851,133522,4.014
2022-10-31 17:42:09.735,12432,12701,18353,12176,25394,20639,15210,15421,310,80,14,1100464,132326,4.014
2022-10-31 17:42:24.135,12808,13016,18872,12384,26220,21616,15558,15966,298,58,5,1116442,136440,4.012
2022-10-31 17:42:38.535,13227,13525,19368,12557,26160,21217,15941,15534,347,93,18,1117122,137529,4.012
2022-10-31 17:42:52.935,12443,12972,17979,11936,26136,20527,15502,15548,332,92,11,1105503,133043,4.011
2022-10-31 17:43:07.335,13035,13297,18674,12180,26115,19986,15247,15361,344,90,7,1110740,133895,4.01
2022-10-31 17:43:21.735,12664,13015,18642,12454,25400,19754,15410,15867,327,77,8,1111387,133206,4.009
2022-10-31 17:43:36.135,12243,12768,18364,12024,25172,21061,15079,15562,324,75,10,1100387,132273,4.008
2022-10-31 17:43:50.535,12329,12896,17767,12268,26324,20715,15705,15639,305,76,9,1118190,133643,4.006
2022-10-31 17:44:04.935,12436,13088,18281,11851,25227,19969,14808,15576,299,71,9,1116285,131236,4.006
2022-10-31 17:44:19.335,12161,12567,17828,11696,25287,20752,14856,15342,296,82,6,1106870,130489,4.006
2022-10-31 17:44:33.735,12573,12808,18613,11971,26212,20294,15293,15388,308,73,12,1109995,133152,4.004
2022-10-31 17:44:48.135,12869,13030,18034,12165,25392,19954,15237,15939,340,90,6,1121841,132620,4.004
2022-10-31 17:45:02.535,12209,12888,18251,11776,24616,18674,14665,14828,309,77,8,1098491,127907,4.003
2022-10-31 17:45:16.935,12422,12449,18159,12221,26061,20051,15230,15333,329,76,14,1108276,131926,4.003
2022-10-31 17:45:31.335,11944,12627,18221,11759,25072,19771,14891,15243,298,78,11,1113018,129528,4.001
2022-10-31 17:45:45.735,12188,12689,18086,12020,26218,19202,14813,15098,328,95,13,1108638,130314,4.0
2022-10-31 17:46:00.135,11978,12794,18272,11891,25235,20159,15235,15366,306,75,12,1116926,130930,4.0
2022-10-31 17:46:14.535,12471,12905,18020,11876,25454,19788,14947,15213,329,87,8,1112604,130674,3.998
2022-10-31 17:46:28.935,12640,12451,18398,11945,25356,19687,15340,15588,297,72,8,1115748,131405,3.998
2022-10-31 17:46:43.335,12333,12703,18125,11948,25172,19451,14793,15432,288,66,4,1112096,129957,3.997
2022-10-31 17:46:57.735,12499,12657,18391,11664,25155,19759,15300,15434,350,85,17,1118438,130859,3.996
2022-10-31 17:47:12.135,5948,5908,8776,5552,11925,9880,7033,7325,127,28,5,504733,62347,3.996
2022-10-31 17:47:26.535,12012,12572,18107,11930,25286,19606,14601,15330,325,74,10,1102912,129444,3.994
2022-10-31 17:47:40.935,12416,12507,17731,11711,25012,19605,14702,15393,299,75,10,1099050,129077,3.994
2022-10-31 17:47:55.335,12514,12331,17383,11589,25422,19736,14792,15502,331,78,9,1094389,129269,3.992
2022-10-31 17:48:09.735,11795,12465,17194,11748,24569,18692,14469,15250,285,63,9,1094654,126182,3.992
2022-10-31 17:48:24.135,12033,12561,17735,11652,24390,19063,14336,15578,315,80,9,1102083,127348,3.991
2022-10-31 17:48:38.535,11614,12253,17781,11156,23997,19148,14220,14935,323,83,8,1092043,125104,3.99
2022-10-31 17:48:52.935,12211,12649,17920,11427,24314,19703,15032,15617,320,79,13,1101397,128873,3.989
2022-10-31 17:49:07.335,12320,12932,18188,11532,24844,20205,14957,15384,350,94,14,1105862,130362,3.988
2022-10-31 17:49:21.735,11956,12056,17524,11644,25167,20099,14826,14836,306,93,15,1092877,128108,3.988
2022-10-31 17:49:36.135,12153,12686,17796,11659,24964,19538,14974,15324,339,94,11,1113149,129094,3.986
2022-10-31 17:49:50.535,12110,12701,17546,11598,25691,19983,14766,15435,304,82,13,1104080,129830,3.986
2022-10-31 17:50:04.935,12130,12459,17605,11806,24829,19883,14637,15125,317,92,10,1093860,128474,3.984
2022-10-31 17:50:19.335,12331,12323,17815,11564,25066,19260,14549,15109,308,74,4,1108594,128017,3.984
2022-10-31 17:50:33.735,12211,12508,17655,11319,24677,19389,14841,15022,343,67,9,1097299,127622,3.983
2022-10-31 17:50:48.135,11667,11648,16911,11333,24500,19238,14698,14641,317,79,8,1077520,124636,3.982
2022-10-31 17:51:02.535,11531,11857,16775,11246,24728,18939,14959,15265,300,67,8,1085885,125300,3.981
2022-10-31 17:51:16.935,11615,12076,17033,11475,24619,18403,14485,14888,287,73,13,1100912,124594,3.98
2022-10-31 17:51:31.335,11886,11901,16744,11382,24077,18100,14446,14588,283,74,10,1081907,123124,3.98
2022-10-31 17:51:45.735,11780,12077,16713,11431,24337,17668,14402,15543,299,81,9,1093012,123951,3.979
2022-10-31 17:52:00.135,11075,12096,16935,11682,24999,19047,14713,15121,290,73,7,1092990,125668,3.978
2022-10-31 17:52:14.535,11471,12417,17045,11385,24622,18877,14275,15115,306,78,13,1091014,125207,3.977
2022-10-31 17:52:28.935,11423,11895,17152,11195,24687,18764,14582,14761,317,75,14,1094028,124459,3.976
2022-10-31 17:52:43.335,11976,12056,16992,11534,25958,18560,14477,14772,304,68,7,1108088,126325,3.975
2022-10-31 17:52:57.735,12136,11854,16888,11254,24975,18372,14107,14856,303,78,7,1089426,124442,3.973
2022-10-31 17:53:12.135,11560,12731,17115,11475,26232,19347,14671,15624,330,78,14,1122929,128755,3.973
2022-10-31 17:53:26.535,12318,12593,17792,11405,24975,19819,14769,15556,347,92,16,1109298,129227,3.972
2022-10-31 17:53:40.935,11714,12279,16872,11559,25454,18438,14450,15511,346,92,18,1093288,126277,3.972
2022-10-31 17:53:55.335,11805,11933,16927,11221,24931,18414,14004,14917,329,83,20,1103503,124152,3.971
2022-10-31 17:54:09.735,11801,12009,16548,11400,25575,18959,14328,15141,314,85,15,1092837,125761,3.97
2022-10-31 17:54:24.135,11000,11852,16613,11522,25119,18006,13738,14359,317,79,11,1076710,122209,3.969
2022-10-31 17:54:38.535,12066,12510,17187,11652,26291,19002,14979,15438,364,91,13,1101284,129125,3.968
2022-10-31 17:54:52.935,11163,11784,16391,11401,25910,18422,14252,14832,313,81,9,1089297,124155,3.967
2022-10-31 17:55:07.335,11529,11671,15943,10927,25407,18498,14358,14625,315,69,12,1078945,122958,3.966
2022-10-31 17:55:21.735,11704,11925,16781,11434,27229,18824,14190,15332,316,77,5,1109768,127419,3.965
2022-10-31 17:55:36.135,12179,12247,16889,11716,25891,19218,14692,15807,355,86,9,1107686,128639,3.964
2022-10-31 17:55:50.535,11661,11685,16498,11441,26547,18224,14340,14626,314,81,13,1092186,125022,3.963
2022-10-31 17:56:04.935,11711,12268,16878,11635,27383,19603,14314,15252,320,81,12,1109886,129044,3.963
2022-10-31 17:56:19.335,12237,12393,16847,11526,28044,19385,15006,16123,356,82,11,1109270,131561,3.962
2022-10-31 17:56:33.735,11096,11753,16275,11252,26955,17646,13969,15264,303,83,13,1093874,124210,3.961
2022-10-31 17:56:48.135,12139,11661,16602,11589,28336,19114,13903,15167,353,97,15,1105301,128511,3.96
2022-10-31 17:57:02.535,11622,11938,15955,11541,27705,18734,14620,15314,311,78,8,1097933,127429,3.959
2022-10-31 17:57:16.935,11097,11603,15811,11230,27965,17769,14004,14883,300,68,4,1081427,124362,3.958
2022-10-31 17:57:31.335,11814,11795,16163,11432,28909,19192,14972,15644,326,67,8,1094453,129921,3.958
2022-10-31 17:57:45.735,11880,11979,16500,11826,29198,18975,14757,15579,316,87,15,1102740,130694,3.957
2022-10-31 17:58:00.135,11809,12035,16119,11522,28847,18403,14326,15701,369,94,8,1100307,128762,3.956
2022-10-31 17:58:14.535,12146,11958,16381,11632,29701,18340,14945,15684,303,80,13,1103917,130787,3.955
2022-10-31 17:58:28.935,11088,11477,15960,11440,30242,18799,14156,14750,285,71,13,1089234,127912,3.954
2022-10-31 17:58:43.335,11768,11425,15867,11551,30179,18122,14331,15457,291,74,16,1091376,128700,3.953
2022-10-31 17:58:57.735,11564,12069,16247,11620,31145,19412,14645,15644,331,83,5,1107311,132346,3.953
2022-10-31 17:59:12.135,12031,11652,16164,11585,31208,18390,14309,15438,269,68,13,1101440,130777,3.951
2022-10-31 17:59:26.535,11805,11846,15898,11624,32457,18667,14398,15408,305,79,8,1093455,132103,3.951
2022-10-31 17:59:40.935,12224,12057,16662,12146,32816,19212,14483,15502,337,94,9,1107269,135102,3.95
2022-10-31 17:59:55.335,12103,11517,16344,12250,33129,18084,14723,16186,312,73,7,1117534,134336,3.949
2022-10-31 18:00:09.735,12214,11692,16200,11997,33489,18714,14127,16384,332,86,10,1092379,134817,3.948
2022-10-31 18:00:24.135,12719,12117,16253,12359,33832,18864,14200,15964,309,75,11,1099690,136308,3.947
2022-10-31 18:00:38.535,12957,12298,16242,12408,34699,18959,14906,17133,317,79,11,1118494,139602,3.946
2022-10-31 18:00:52.935,12570,11635,15747,12166,34085,18190,14255,16414,313,77,10,1082978,135062,3.945
2022-10-31 18:01:07.335,12484,11492,15946,12346,34915,18774,14140,16613,301,74,8,1100891,136710,3.944
2022-10-31 18:01:21.735,12673,12207,16738,12990,36707,19422,14704,16950,350,82,9,1114226,142391,3.944
2022-10-31 18:01:36.135,12626,12109,16213,12679,36112,18268,14585,16748,325,79,8,1090197,139340,3.942
2022-10-31 18:01:50.535,12591,11957,16363,12995,35846,17976,14630,16854,330,100,17,1104817,139212,3.942
2022-10-31 18:02:04.935,12822,12424,16476,13061,37301,18713,14793,17183,302,77,8,1112537,142773,3.941
2022-10-31 18:02:19.335,13194,11958,16720,13166,36924,19713,14872,16987,353,88,14,1096657,143534,3.94
2022-10-31 18:02:33.735,13867,11912,16587,13407,38365,18725,15282,17362,309,86,14,1112840,145507,3.939
2022-10-31 18:02:48.135,13063,12117,16870,13886,38528,19888,15171,17493,288,75,9,1102589,147016,3.939
2022-10-31 18:03:02.535,13556,12226,17436,14344,38259,18869,15179,17360,317,84,12,1091922,147229,3.938
2022-10-31 18:03:16.935,13456,12318,17386,14224,39976,20226,15140,18158,305,82,13,1099489,150884,3.937
2022-10-31 18:03:31.335,14478,12306,17178,14593,40326,19655,15284,18788,314,78,12,1107198,152608,3.936
2022-10-31 18:03:45.735,14357,12397,17219,14751,40527,19288,15580,18565,337,76,6,1105779,152684,3.935
2022-10-31 18:04:00.135,14710,12283,18163,15495,41909,19917,15417,19068,340,90,12,1113176,156962,3.934
2022-10-31 18:04:14.535,14199,12765,18174,15233,41414,19516,16159,19097,320,80,10,1097472,156557,3.933
2022-10-31 18:04:28.935,14544,12752,18057,15436,40814,19859,16117,19215,305,71,6,1094966,156794,3.933
2022-10-31 18:04:43.335,15181,13190,18940,16125,42358,20746,15932,19645,356,84,13,1111738,162117,3.931
2022-10-31 18:04:57.735,15224,12981,18450,15848,42648,19556,15820,19519,305,77,5,1103276,160046,3.93
2022-10-31 18:05:12.135,15591,12700,19440,16669,42495,20226,16230,19989,338,88,15,1092328,163340,3.929
2022-10-31 18:05:26.535,15887,13514,19443,17426,43492,20241,17039,21036,302,79,15,1109001,168078,3.929
2022-10-31 18:05:40.935,16185,13447,19769,17780,43936,20154,16615,20979,331,91,11,1102587,168865,3.928
2022-10-31 18:05:55.335,16727,13699,20136,18429,44060,21171,16875,21157,348,96,12,1095007,172254,3.927
2022-10-31 18:06:09.735,17325,14109,20287,18712,44730,21553,17445,22107,323,84,16,1113730,176268,3.926
2022-10-31 18:06:24.135,17493,14279,20876,18761,45464,21672,17878,22151,341,97,13,1112466,178574,3.925
2022-10-31 18:06:38.535,17045,14028,20759,19283,44835,21639,17758,21967,321,94,15,1097609,177314,3.924
2022-10-31 18:06:52.935,17532,14323,21641,19990,45550,22142,17793,22523,281,79,9,1108504,181494,3.924
2022-10-31 18:07:07.335,18469,14533,21543,20602,46259,23131,18335,23673,348,93,13,1113213,186545,3.922
2022-10-31 18:07:21.735,18421,14513,21820,20394,45551,22633,18008,23567,301,66,6,1091269,184907,3.921
